{
    "host": "112.164.12.21",
    "savesuccess": "Saved Successfully",
    "savefail": "Saving Failed",
    "deletesuccess": "Deleted Successfully",
    "deletefail": "Deletion Failed",
    "updatesuccess": "Updated Successfully'",
    "updatefail": "Updation Failed",
    "uniquekeyexception": "Already Existed",    
    "foreignkeyexception": "Childs Existed",
    "successicon": "<span class='k-icon k-i-success'></span>",
    "failureicon": "<span class='k-icon k-i-error'></span>",
    "warningicon": "<span class='k-icon k-i-warning'></span>",
    "required": "Reqiuired Field",
    "isAlpha": "Only Alphabets Allowed",
    "isNumeric": "Only Numbers Allowed",
    "minLen": "Min Length is 3 Characters ",
    "maxLen": "Max Length is ",
    "email": "Not An Recognized Email ",
    "recordExist": "Records exists!!",
    "dateComparision": " From Date should not be greater than To Date",
    "autorityLevelComparision" :" Authority Level and RevieweOf Should be different ",
    "parentDataValidation" :" .Please Update From and To Dates ", 
    "referedTablesMsg" :" Referred in the following lookups or masters ",

    "userid":"botuser@wilhemsen.com",
    "password":"botuser",
   
    "apiUrl": "http://localhost:3979/api/"  
   
}
